nome,endereco,telefone,website,categoria,nota,reviews,latitude,longitude,place_id,fonte,data_coleta,horario_funcionamento,nivel_preco,score,criterios_atingidos,qualificado,nivel_qualificacao,data_qualificacao,observacoes_qualificacao
Sonda Supermercados - Tatuapé,"R. Apucarana, 1000 - Tatuapé, São Paulo - SP, 03311-000",(11) 2132-0900,https://www.sondadelivery.com.br/,"['supermarket', 'bakery', 'grocery_or_supermarket', 'storage', 'restaurant', 'food', 'point_of_interest', 'store', 'establishment']",4.4,14474,-23.5466855,-46.5636062,ChIJK_ap7I1ezpQRBBB3NUEn4Zc,Google Places,03/09/2025 20:24:56,"['segunda-feira: Atendimento 24 horas', 'terça-feira: Atendimento 24 horas', 'quarta-feira: Atendimento 24 horas', 'quinta-feira: Atendimento 24 horas', 'sexta-feira: Atendimento 24 horas', 'sábado: Atendimento 24 horas', 'domingo: 00:00\u2009–\u200922:00']",0,4,"['Telefone válido', 'Site ativo', 'Endereço válido', 'Nome válido']",True,Médio,03/09/2025 20:27:28,"Lead qualificado. Critérios atingidos: Telefone válido, Site ativo, Endereço válido, Nome válido"
VIP Supermercados,"Rua Monte Serrat, 1520 - Tatuapé, São Paulo - SP, 03312-001",(11) 2672-8000,http://www.vipsupermercados.com.br/,"['supermarket', 'liquor_store', 'grocery_or_supermarket', 'food', 'point_of_interest', 'store', 'establishment']",4.5,2016,-23.5512215,-46.5599187,ChIJLQCS_oVezpQRKn7tRgQ-Cq8,Google Places,03/09/2025 20:24:58,"['segunda-feira: 07:00\u2009–\u200922:00', 'terça-feira: 07:00\u2009–\u200922:00', 'quarta-feira: 07:00\u2009–\u200922:00', 'quinta-feira: 07:00\u2009–\u200922:00', 'sexta-feira: 07:00\u2009–\u200922:00', 'sábado: 07:00\u2009–\u200922:00', 'domingo: 08:00\u2009–\u200921:00']",0,4,"['Telefone válido', 'Site ativo', 'Endereço válido', 'Nome válido']",True,Médio,03/09/2025 20:27:28,"Lead qualificado. Critérios atingidos: Telefone válido, Site ativo, Endereço válido, Nome válido"
Mambo,"R. Serra de Botucatu, 1703 - Tatuapé, São Paulo - SP, 03317-001",(11) 2227-5900,http://www.mambo.com.br/,"['supermarket', 'liquor_store', 'grocery_or_supermarket', 'food', 'point_of_interest', 'store', 'establishment']",4.4,7407,-23.5410749,-46.5548998,ChIJTbHonYpezpQRzG6VRWzkYnQ,Google Places,03/09/2025 20:25:00,"['segunda-feira: 07:00\u2009–\u200922:00', 'terça-feira: 07:00\u2009–\u200922:00', 'quarta-feira: 07:00\u2009–\u200922:00', 'quinta-feira: 07:00\u2009–\u200922:00', 'sexta-feira: 07:00\u2009–\u200922:00', 'sábado: 07:00\u2009–\u200922:00', 'domingo: 08:00\u2009–\u200921:30']",0,3,"['Telefone válido', 'Endereço válido', 'Nome válido']",True,Médio,03/09/2025 20:27:28,"Lead qualificado. Critérios atingidos: Telefone válido, Endereço válido, Nome válido"
Sonda Supermercados - Vila Carrão,"Av. Conselheiro Carrão, 2255 - Vila Carrão, São Paulo - SP, 03403-002",(11) 2588-4350,http://www.sondadelivery.com.br/,"['supermarket', 'atm', 'bakery', 'grocery_or_supermarket', 'finance', 'storage', 'restaurant', 'food', 'point_of_interest', 'store', 'establishment']",4.3,7655,-23.5473862,-46.5394191,ChIJH61m6XNezpQRkwKrkBZTijs,Google Places,03/09/2025 20:25:03,"['segunda-feira: 07:00\u2009–\u200922:00', 'terça-feira: 07:00\u2009–\u200922:00', 'quarta-feira: 07:00\u2009–\u200922:00', 'quinta-feira: 07:00\u2009–\u200922:00', 'sexta-feira: 07:00\u2009–\u200922:00', 'sábado: 07:00\u2009–\u200922:00', 'domingo: 07:00\u2009–\u200922:00']",0,3,"['Telefone válido', 'Endereço válido', 'Nome válido']",True,Médio,03/09/2025 20:27:29,"Lead qualificado. Critérios atingidos: Telefone válido, Endereço válido, Nome válido"
Supermercados Yamauchi,"R. Azevedo Soares, 2726 - Tatuapé, São Paulo - SP, 03408-060",(11) 2095-2888,http://www.yamauchi.com.br/,"['supermarket', 'grocery_or_supermarket', 'food', 'point_of_interest', 'store', 'establishment']",4.3,3460,-23.5470474,-46.5508422,ChIJ1fWSW2NezpQRorgCkvcT-TY,Google Places,03/09/2025 20:25:05,"['segunda-feira: 07:00\u2009–\u200921:00', 'terça-feira: 07:00\u2009–\u200921:00', 'quarta-feira: 07:00\u2009–\u200921:00', 'quinta-feira: 07:00\u2009–\u200921:00', 'sexta-feira: 07:00\u2009–\u200921:00', 'sábado: 07:00\u2009–\u200921:00', 'domingo: 07:00\u2009–\u200915:00']",0,3,"['Telefone válido', 'Endereço válido', 'Nome válido']",True,Médio,03/09/2025 20:27:29,"Lead qualificado. Critérios atingidos: Telefone válido, Endereço válido, Nome válido"
Dia Brasil,"R. Cantagalo, 1508 - Vila Gomes Cardim, São Paulo - SP, 03319-001",0800 723 1470,https://www.dia.com.br/,"['supermarket', 'bakery', 'grocery_or_supermarket', 'food', 'point_of_interest', 'store', 'establishment']",3.7,710,-23.544388,-46.5594454,ChIJkS1jiItezpQRP129v-hiOVo,Google Places,03/09/2025 20:25:07,"['segunda-feira: 07:00\u2009–\u200921:00', 'terça-feira: 07:00\u2009–\u200921:00', 'quarta-feira: 07:00\u2009–\u200921:00', 'quinta-feira: 07:00\u2009–\u200921:00', 'sexta-feira: 07:00\u2009–\u200921:00', 'sábado: 07:00\u2009–\u200921:00', 'domingo: 07:00\u2009–\u200920:00']",0,4,"['Telefone válido', 'Site ativo', 'Endereço válido', 'Nome válido']",True,Médio,03/09/2025 20:27:30,"Lead qualificado. Critérios atingidos: Telefone válido, Site ativo, Endereço válido, Nome válido"
Chama Supermercados - Tatuapé,"R. Emília Marengo, 140 - Tatuapé, São Paulo - SP, 03336-010",(11) 2671-2951,http://www.grupochama.com.br/,"['supermarket', 'grocery_or_supermarket', 'food', 'point_of_interest', 'store', 'establishment']",4.4,3237,-23.5531665,-46.5659016,ChIJgbR_dpBezpQRp0f_w9ffQIs,Google Places,03/09/2025 20:25:09,"['segunda-feira: 07:00\u2009–\u200921:00', 'terça-feira: 07:00\u2009–\u200921:00', 'quarta-feira: 07:00\u2009–\u200921:00', 'quinta-feira: 07:00\u2009–\u200921:00', 'sexta-feira: 07:00\u2009–\u200921:00', 'sábado: 07:00\u2009–\u200921:00', 'domingo: 07:00\u2009–\u200916:00']",0,3,"['Telefone válido', 'Endereço válido', 'Nome válido']",True,Médio,03/09/2025 20:27:30,"Lead qualificado. Critérios atingidos: Telefone válido, Endereço válido, Nome válido"
Saúde Supermercados - Loja 6,"Av. Penha de França, 774 - Vila Sao Geraldo, São Paulo - SP, 03606-000",(11) 2642-9711,,"['supermarket', 'grocery_or_supermarket', 'food', 'point_of_interest', 'store', 'establishment']",4.0,1278,-23.5199766,-46.5463008,ChIJw-CvilJezpQRijyPYn75BfM,Google Places,03/09/2025 20:25:12,"['segunda-feira: 07:00\u2009–\u200921:00', 'terça-feira: 07:00\u2009–\u200921:00', 'quarta-feira: 07:00\u2009–\u200921:00', 'quinta-feira: 07:00\u2009–\u200921:00', 'sexta-feira: 07:00\u2009–\u200921:00', 'sábado: 07:00\u2009–\u200921:00', 'domingo: 07:00\u2009–\u200918:00']",0,3,"['Telefone válido', 'Endereço válido', 'Nome válido']",True,Médio,03/09/2025 20:27:30,"Lead qualificado. Critérios atingidos: Telefone válido, Endereço válido, Nome válido"
Master Supermercados,"Rua Frei Caneca, 569, Loja 01, Pavimento Térreo Inferior - Consolação, São Paulo - SP, 01307-001",(11) 3472-2200,https://grupomastersonda.com.br/master-supermercados/,"['bakery', 'supermarket', 'convenience_store', 'grocery_or_supermarket', 'food', 'point_of_interest', 'store', 'establishment']",4.4,4360,-23.5542136,-46.6525691,ChIJJyeZPDVYzpQRk7jskJSqNu0,Google Places,03/09/2025 20:25:14,"['segunda-feira: 07:30\u2009–\u200922:00', 'terça-feira: 07:30\u2009–\u200922:00', 'quarta-feira: 07:30\u2009–\u200922:00', 'quinta-feira: 07:30\u2009–\u200922:00', 'sexta-feira: 07:30\u2009–\u200922:00', 'sábado: 07:30\u2009–\u200922:00', 'domingo: 07:30\u2009–\u200922:00']",0,4,"['Telefone válido', 'Site ativo', 'Endereço válido', 'Nome válido']",True,Médio,03/09/2025 20:27:33,"Lead qualificado. Critérios atingidos: Telefone válido, Site ativo, Endereço válido, Nome válido"
Pão de Açúcar,"Av. Brigadeiro Luís Antônio, 2013 - Bela Vista, São Paulo - SP, 01317-002",0800 779 6761,https://www.paodeacucar.com/,"['supermarket', 'bakery', 'convenience_store', 'grocery_or_supermarket', 'food', 'point_of_interest', 'store', 'establishment']",3.8,14460,-23.5655985,-46.6472324,ChIJ_RTiFblZzpQRiEvFnOtXJ3M,Google Places,03/09/2025 20:25:16,"['segunda-feira: 06:00\u2009–\u200923:00', 'terça-feira: 06:00\u2009–\u200923:00', 'quarta-feira: 06:00\u2009–\u200923:00', 'quinta-feira: 06:00\u2009–\u200923:00', 'sexta-feira: 06:00\u2009–\u200923:00', 'sábado: 06:00\u2009–\u200923:00', 'domingo: 06:00\u2009–\u200923:00']",0,4,"['Telefone válido', 'Site ativo', 'Endereço válido', 'Nome válido']",True,Médio,03/09/2025 20:27:34,"Lead qualificado. Critérios atingidos: Telefone válido, Site ativo, Endereço válido, Nome válido"
Supermercado Vovó Zuzu,"R. Dom Pedro II, 928 - Centro Histórico de São Paulo, São Paulo - SP, 01015-070",(11) 3469-6900,https://vovozuzusupermercados.com.br/,"['supermarket', 'grocery_or_supermarket', 'food', 'point_of_interest', 'store', 'establishment']",4.1,17526,-23.548495,-46.63049609999999,ChIJFZlBQwBZzpQRl0JV-Egn51Y,Google Places,03/09/2025 20:25:18,"['segunda-feira: 06:30\u2009–\u200922:00', 'terça-feira: 06:30\u2009–\u200922:00', 'quarta-feira: 06:30\u2009–\u200922:00', 'quinta-feira: 06:30\u2009–\u200922:00', 'sexta-feira: 06:30\u2009–\u200922:00', 'sábado: 06:30\u2009–\u200922:00', 'domingo: 08:00\u2009–\u200920:00']",0,4,"['Telefone válido', 'Site ativo', 'Endereço válido', 'Nome válido']",True,Médio,03/09/2025 20:27:35,"Lead qualificado. Critérios atingidos: Telefone válido, Site ativo, Endereço válido, Nome válido"
Semar Supermercados - São Miguel Paulista,"Av. São Miguel, 2104 - Vila Marieta, São Paulo - SP, 03620-001",,https://www.semarentrega.com.br/,"['supermarket', 'atm', 'meal_delivery', 'bakery', 'liquor_store', 'grocery_or_supermarket', 'finance', 'food', 'point_of_interest', 'store', 'establishment']",3.7,3356,-23.5119711,-46.5108255,ChIJI_PfZ4RgzpQR6Hcppk1mA7o,Google Places,03/09/2025 20:25:21,"['segunda-feira: 07:00\u2009–\u200922:00', 'terça-feira: 07:00\u2009–\u200922:00', 'quarta-feira: 07:00\u2009–\u200922:00', 'quinta-feira: 07:00\u2009–\u200922:00', 'sexta-feira: 07:00\u2009–\u200922:00', 'sábado: 07:00\u2009–\u200922:00', 'domingo: 07:00\u2009–\u200920:00']",0,3,"['Site ativo', 'Endereço válido', 'Nome válido']",True,Médio,03/09/2025 20:27:36,"Lead qualificado. Critérios atingidos: Site ativo, Endereço válido, Nome válido"
Carrefour Express,"R. Apucarana, 474 - Tatuapé, São Paulo - SP, 03311-002",(11) 3004-2222,https://www.carrefour.com.br/localizador-de-lojas#crfimt=home%7Cshop%7Crodape%7CEncontre-uma-loja%7C26062024%7C3,"['supermarket', 'grocery_or_supermarket', 'food', 'point_of_interest', 'store', 'establishment']",0.0,0,-23.5425088,-46.5645001,ChIJ3XqUV-1ezpQRxzL7JUeFTWM,Google Places,03/09/2025 20:25:23,"['segunda-feira: 07:00\u2009–\u200921:00', 'terça-feira: 07:00\u2009–\u200921:00', 'quarta-feira: 07:00\u2009–\u200921:00', 'quinta-feira: 07:00\u2009–\u200921:00', 'sexta-feira: 07:00\u2009–\u200921:00', 'sábado: 07:00\u2009–\u200921:00', 'domingo: 09:00\u2009–\u200916:00']",0,4,"['Telefone válido', 'Site ativo', 'Endereço válido', 'Nome válido']",True,Médio,03/09/2025 20:27:37,"Lead qualificado. Critérios atingidos: Telefone válido, Site ativo, Endereço válido, Nome válido"
Hirota Food Supermercado,"R. Azevedo Soares, 733 - Vila Gomes Cardim, São Paulo - SP, 03322-000",(11) 2093-3498,https://hirotafood.com.br/,"['supermarket', 'grocery_or_supermarket', 'food', 'point_of_interest', 'store', 'establishment']",4.2,2509,-23.5493566,-46.5695874,ChIJSwGcZrP3zpQRsmsymLWhr3k,Google Places,03/09/2025 20:25:25,"['segunda-feira: 08:00\u2009–\u200921:00', 'terça-feira: 08:00\u2009–\u200921:00', 'quarta-feira: 08:00\u2009–\u200921:00', 'quinta-feira: 08:00\u2009–\u200921:00', 'sexta-feira: 08:00\u2009–\u200921:00', 'sábado: 08:00\u2009–\u200921:00', 'domingo: 08:00\u2009–\u200918:00']",0,4,"['Telefone válido', 'Site ativo', 'Endereço válido', 'Nome válido']",True,Médio,03/09/2025 20:27:38,"Lead qualificado. Critérios atingidos: Telefone válido, Site ativo, Endereço válido, Nome válido"
Kanguru Supermercado,"R. Antônio de Barros, 285 - Maranhão, São Paulo - SP, 03089-000",(11) 2227-3480,http://www.kangurudelivery.com.br/,"['supermarket', 'liquor_store', 'grocery_or_supermarket', 'food', 'point_of_interest', 'store', 'establishment']",4.2,6329,-23.5327952,-46.5595563,ChIJqSwiEX5ezpQRQfdzi9qRK2w,Google Places,03/09/2025 20:25:27,"['segunda-feira: 08:00\u2009–\u200920:00', 'terça-feira: 08:00\u2009–\u200920:00', 'quarta-feira: 08:00\u2009–\u200920:00', 'quinta-feira: 08:00\u2009–\u200920:00', 'sexta-feira: 08:00\u2009–\u200920:00', 'sábado: 08:00\u2009–\u200920:00', 'domingo: 09:00\u2009–\u200914:00']",0,3,"['Telefone válido', 'Endereço válido', 'Nome válido']",True,Médio,03/09/2025 20:27:38,"Lead qualificado. Critérios atingidos: Telefone válido, Endereço válido, Nome válido"
Dia Supermercado,"R. Serra de Japi, 926 - Vila Gomes Cardim, São Paulo - SP, 03309-000",0800 723 1470,https://www.dia.com.br/lojas/sp-sao-paulo-tatuape-rua-serra-do-japi-926/?utm_source=local&utm_medium=organic&utm_campaign=gmb&utm_content=9180,"['supermarket', 'bakery', 'grocery_or_supermarket', 'food', 'point_of_interest', 'store', 'establishment']",3.9,595,-23.5475063,-46.568789,ChIJb8vvXSZfzpQRqXA4gxctc80,Google Places,03/09/2025 20:25:30,"['segunda-feira: 07:00\u2009–\u200921:00', 'terça-feira: 07:00\u2009–\u200921:00', 'quarta-feira: 07:00\u2009–\u200921:00', 'quinta-feira: 07:00\u2009–\u200921:00', 'sexta-feira: 07:00\u2009–\u200921:00', 'sábado: 07:00\u2009–\u200921:00', 'domingo: 07:00\u2009–\u200920:00']",0,4,"['Telefone válido', 'Site ativo', 'Endereço válido', 'Nome válido']",True,Médio,03/09/2025 20:27:38,"Lead qualificado. Critérios atingidos: Telefone válido, Site ativo, Endereço válido, Nome válido"
Extra Mercado,"R. Condessa de São Joaquim, 303 - Liberdade, São Paulo - SP, 01320-000",0800 779 6761,https://www.clubeextra.com.br/,"['supermarket', 'bakery', 'convenience_store', 'grocery_or_supermarket', 'food', 'point_of_interest', 'store', 'establishment']",3.3,1022,-23.5578121,-46.640107,ChIJwXjUtq9ZzpQRwc8VoMdscrY,Google Places,03/09/2025 20:25:32,"['segunda-feira: 07:00\u2009–\u200922:00', 'terça-feira: 07:00\u2009–\u200922:00', 'quarta-feira: 07:00\u2009–\u200922:00', 'quinta-feira: 07:00\u2009–\u200922:00', 'sexta-feira: 07:00\u2009–\u200922:00', 'sábado: 07:00\u2009–\u200922:00', 'domingo: 08:00\u2009–\u200921:00']",0,3,"['Telefone válido', 'Endereço válido', 'Nome válido']",True,Médio,03/09/2025 20:27:39,"Lead qualificado. Critérios atingidos: Telefone válido, Endereço válido, Nome válido"
Chama Supermercados - Água Rasa,"R. Barão de Penedo, 102 - Água Rasa, São Paulo - SP, 03179-070",(11) 2601-0478,http://www.grupochama.com.br/,"['supermarket', 'grocery_or_supermarket', 'food', 'point_of_interest', 'store', 'establishment']",4.3,3126,-23.5541608,-46.5810483,ChIJXWXGzbtezpQR_vYsRgvqDrI,Google Places,03/09/2025 20:25:34,"['segunda-feira: 07:00\u2009–\u200921:00', 'terça-feira: 07:00\u2009–\u200921:00', 'quarta-feira: 07:00\u2009–\u200921:00', 'quinta-feira: 07:00\u2009–\u200921:00', 'sexta-feira: 07:00\u2009–\u200921:00', 'sábado: 07:00\u2009–\u200921:00', 'domingo: 07:00\u2009–\u200914:00']",0,3,"['Telefone válido', 'Endereço válido', 'Nome válido']",True,Médio,03/09/2025 20:27:39,"Lead qualificado. Critérios atingidos: Telefone válido, Endereço válido, Nome válido"
Mercado Municipal de São Paulo,"R. da Cantareira, 306 - Centro Histórico de São Paulo, São Paulo - SP, 01024-900",(11) 4580-1390,https://www.mercadomunicipalsp.com/,"['tourist_attraction', 'grocery_or_supermarket', 'restaurant', 'food', 'point_of_interest', 'store', 'establishment']",4.5,195192,-23.5420217,-46.6294111,ChIJBQICYYxfzpQR9P4GxnTkmgA,Google Places,03/09/2025 20:25:37,"['segunda-feira: 06:00\u2009–\u200918:00', 'terça-feira: 06:00\u2009–\u200918:00', 'quarta-feira: 06:00\u2009–\u200918:00', 'quinta-feira: 06:00\u2009–\u200918:00', 'sexta-feira: 06:00\u2009–\u200918:00', 'sábado: 06:00\u2009–\u200918:00', 'domingo: 06:00\u2009–\u200916:00']",0,4,"['Telefone válido', 'Site ativo', 'Endereço válido', 'Nome válido']",True,Médio,03/09/2025 20:27:41,"Lead qualificado. Critérios atingidos: Telefone válido, Site ativo, Endereço válido, Nome válido"
DIA Supermercado,"Av. Celso Garcia, 4105 - Tatuapé, São Paulo - SP, 03064-000",0800 723 1470,https://www.dia.com.br/lojas/sp-sao-paulo-tatuape-avenida-celso-garcia-4105/?utm_source=local&utm_medium=organic&utm_campaign=gmb&utm_content=9450,"['supermarket', 'bakery', 'grocery_or_supermarket', 'food', 'point_of_interest', 'store', 'establishment']",3.4,1139,-23.5355122,-46.5725896,ChIJ46sNYilfzpQREzr4Pk7BEpY,Google Places,03/09/2025 20:25:39,"['segunda-feira: 07:00\u2009–\u200921:00', 'terça-feira: 07:00\u2009–\u200921:00', 'quarta-feira: 07:00\u2009–\u200921:00', 'quinta-feira: 07:00\u2009–\u200921:00', 'sexta-feira: 07:00\u2009–\u200921:00', 'sábado: 07:00\u2009–\u200921:00', 'domingo: 07:00\u2009–\u200918:00']",0,4,"['Telefone válido', 'Site ativo', 'Endereço válido', 'Nome válido']",True,Médio,03/09/2025 20:27:42,"Lead qualificado. Critérios atingidos: Telefone válido, Site ativo, Endereço válido, Nome válido"
Padaria Bella Suil,"R. Antônio de Barros, 1419 - Tatuapé, São Paulo - SP, 03401-001",(11) 99264-8673,https://epadoca.com/bellasuil,"['bakery', 'meal_delivery', 'cafe', 'meal_takeaway', 'restaurant', 'food', 'point_of_interest', 'store', 'establishment']",4.3,2367,-23.5425646,-46.556717,ChIJhdRPkpJfzpQRUYgzD-wlo48,Google Places,03/09/2025 20:26:22,"['segunda-feira: 06:00\u2009–\u200923:00', 'terça-feira: 06:00\u2009–\u200923:00', 'quarta-feira: 06:00\u2009–\u200923:00', 'quinta-feira: 06:00\u2009–\u200923:00', 'sexta-feira: 06:00\u2009–\u200923:00', 'sábado: 06:00\u2009–\u200923:00', 'domingo: 06:00\u2009–\u200923:00']",2,4,"['Telefone válido', 'Site ativo', 'Endereço válido', 'Nome válido']",True,Médio,03/09/2025 20:27:43,"Lead qualificado. Critérios atingidos: Telefone válido, Site ativo, Endereço válido, Nome válido"
Big Bread Prime - Tatuapé,"R. Apucarana, 120 - Tatuapé, São Paulo - SP, 03311-001",(11) 2091-1089,https://bigbreadprime.com.br/unidade-tatuape/,"['bakery', 'cafe', 'restaurant', 'food', 'point_of_interest', 'store', 'establishment']",4.5,13098,-23.5399377,-46.565272,ChIJ81y6ku1ezpQRUGswGohmCRA,Google Places,03/09/2025 20:26:25,"['segunda-feira: 05:00\u2009–\u200922:00', 'terça-feira: 05:00\u2009–\u200922:00', 'quarta-feira: 05:00\u2009–\u200922:00', 'quinta-feira: 05:00\u2009–\u200922:00', 'sexta-feira: 05:00\u2009–\u200922:00', 'sábado: 05:00\u2009–\u200922:00', 'domingo: 05:00\u2009–\u200922:00']",2,4,"['Telefone válido', 'Site ativo', 'Endereço válido', 'Nome válido']",True,Médio,03/09/2025 20:27:44,"Lead qualificado. Critérios atingidos: Telefone válido, Site ativo, Endereço válido, Nome válido"
Panificadora e Confeitaria São João,"R. Vilela, 969 - Tatuapé, São Paulo - SP, 03314-000",(11) 2941-6028,https://apadariasaojoao.com/?fbclid=PAAaZP-nzYm8DCvB98lTcNXIHQBHTBEtQb94EGS1u-9oV36ekfYAUxML2-VhU_aem_AQ_6ZID6p81d02oZcwET1mueVJlfjeDSo6-D7wufrl_QLrQTm3CTy53JMfq_uMpQ0uk,"['bakery', 'food', 'point_of_interest', 'store', 'establishment']",4.2,1663,-23.5428296,-46.5650093,ChIJI81mTu1ezpQR1s3XO4gjy1U,Google Places,03/09/2025 20:26:27,"['segunda-feira: 05:30\u2009–\u200922:30', 'terça-feira: 05:30\u2009–\u200922:30', 'quarta-feira: 05:30\u2009–\u200922:30', 'quinta-feira: 05:30\u2009–\u200922:30', 'sexta-feira: 05:30\u2009–\u200922:30', 'sábado: 05:30\u2009–\u200922:30', 'domingo: 05:30\u2009–\u200922:30']",2,3,"['Telefone válido', 'Endereço válido', 'Nome válido']",True,Médio,03/09/2025 20:27:44,"Lead qualificado. Critérios atingidos: Telefone válido, Endereço válido, Nome válido"
Nova Yara Panificadora,"R. Cap. João Cesário, 98 - Penha de França, São Paulo - SP, 03603-000",(11) 2646-5151,https://www.instagram.com/padarianovayara?igsh=M3h3M2x0ajNuMG0w,"['bakery', 'restaurant', 'food', 'point_of_interest', 'store', 'establishment']",4.4,12123,-23.52375,-46.5495672,ChIJuUQuUVFezpQRDfjhhWPY76Y,Google Places,03/09/2025 20:26:29,"['segunda-feira: Atendimento 24 horas', 'terça-feira: Atendimento 24 horas', 'quarta-feira: Atendimento 24 horas', 'quinta-feira: Atendimento 24 horas', 'sexta-feira: Atendimento 24 horas', 'sábado: Atendimento 24 horas', 'domingo: 00:00\u2009–\u200923:00']",2,3,"['Telefone válido', 'Endereço válido', 'Nome válido']",True,Médio,03/09/2025 20:27:45,"Lead qualificado. Critérios atingidos: Telefone válido, Endereço válido, Nome válido"
Padaria São João da Penha,"R. Aracati, 63 - Guaiauna, São Paulo - SP, 03630-000",(11) 2225-1919,https://www.instagram.com/padariasaojoaopenha/,"['bakery', 'food', 'point_of_interest', 'store', 'establishment']",3.8,681,-23.5312666,-46.5465117,ChIJV0UkSgBfzpQROkCSm8iQ0AI,Google Places,03/09/2025 20:26:31,"['segunda-feira: 05:30\u2009–\u200922:30', 'terça-feira: 05:30\u2009–\u200922:30', 'quarta-feira: 05:30\u2009–\u200922:30', 'quinta-feira: 05:30\u2009–\u200922:30', 'sexta-feira: 05:30\u2009–\u200922:30', 'sábado: 05:30\u2009–\u200922:30', 'domingo: 05:30\u2009–\u200922:30']",0,4,"['Telefone válido', 'Site ativo', 'Endereço válido', 'Nome válido']",True,Médio,03/09/2025 20:27:45,"Lead qualificado. Critérios atingidos: Telefone válido, Site ativo, Endereço válido, Nome válido"
Panificadora São Pedro,"Rua Frei Mont'Alverne, 446 - Vila Aricanduva, São Paulo - SP, 03505-030",(11) 2295-3067,,"['bakery', 'food', 'point_of_interest', 'store', 'establishment']",4.5,1393,-23.5367552,-46.5375176,ChIJoYo-DmtezpQR8HAwm4mW9JA,Google Places,03/09/2025 20:26:34,"['segunda-feira: 05:30\u2009–\u200923:00', 'terça-feira: 05:30\u2009–\u200923:00', 'quarta-feira: 05:30\u2009–\u200923:00', 'quinta-feira: 05:30\u2009–\u200923:00', 'sexta-feira: 05:30\u2009–\u200923:00', 'sábado: 05:30\u2009–\u200922:30', 'domingo: 05:30\u2009–\u200923:00']",2,3,"['Telefone válido', 'Endereço válido', 'Nome válido']",True,Médio,03/09/2025 20:27:45,"Lead qualificado. Critérios atingidos: Telefone válido, Endereço válido, Nome válido"
Padaria Bella Paulista,"Rua Haddock Lobo, 354 - Cerqueira César, São Paulo - SP, 01414-000",(11) 3214-3347,https://padariabellapaulista.com.br/,"['bakery', 'cafe', 'storage', 'restaurant', 'food', 'point_of_interest', 'store', 'establishment']",4.5,53304,-23.5561273,-46.6601218,ChIJPZ_iuTJYzpQRxC3-CJjKL9g,Google Places,03/09/2025 20:26:36,"['segunda-feira: Atendimento 24 horas', 'terça-feira: Atendimento 24 horas', 'quarta-feira: Atendimento 24 horas', 'quinta-feira: Atendimento 24 horas', 'sexta-feira: Atendimento 24 horas', 'sábado: Atendimento 24 horas', 'domingo: Atendimento 24 horas']",3,4,"['Telefone válido', 'Site ativo', 'Endereço válido', 'Nome válido']",True,Médio,03/09/2025 20:27:46,"Lead qualificado. Critérios atingidos: Telefone válido, Site ativo, Endereço válido, Nome válido"
Padaria Manuella,"Rua Monte Serrat, 1460 - Tatuapé, São Paulo - SP, 03312-001",(11) 99899-0525,http://www.padariamanuella.com.br/,"['bakery', 'restaurant', 'food', 'point_of_interest', 'store', 'establishment']",4.2,2871,-23.5506531,-46.5599844,ChIJgVwCVI9ezpQRChxEYl_VFts,Google Places,03/09/2025 20:26:38,"['segunda-feira: 06:00\u2009–\u200922:00', 'terça-feira: 06:00\u2009–\u200922:00', 'quarta-feira: 06:00\u2009–\u200922:00', 'quinta-feira: 06:00\u2009–\u200922:00', 'sexta-feira: 06:00\u2009–\u200922:00', 'sábado: 06:00\u2009–\u200922:00', 'domingo: 06:00\u2009–\u200922:00']",2,4,"['Telefone válido', 'Site ativo', 'Endereço válido', 'Nome válido']",True,Médio,03/09/2025 20:27:46,"Lead qualificado. Critérios atingidos: Telefone válido, Site ativo, Endereço válido, Nome válido"
Requinte Centro Gastronômico,"Av. Amador Bueno da Veiga, 1312 - Vila Centenario, São Paulo - SP, 03635-000",(11) 2958-6965,http://www.requinte.com.br/,"['bakery', 'restaurant', 'food', 'point_of_interest', 'store', 'establishment']",4.6,14398,-23.5230466,-46.5322328,ChIJdRx1FUhezpQRMxbkpC3XlLs,Google Places,03/09/2025 20:26:41,"['segunda-feira: 06:00\u2009–\u200922:30', 'terça-feira: 06:00\u2009–\u200922:30', 'quarta-feira: 06:00\u2009–\u200922:30', 'quinta-feira: 06:00\u2009–\u200922:30', 'sexta-feira: 06:00\u2009–\u200922:30', 'sábado: 06:00\u2009–\u200922:30', 'domingo: 06:00\u2009–\u200922:30']",3,3,"['Telefone válido', 'Endereço válido', 'Nome válido']",True,Médio,03/09/2025 20:27:48,"Lead qualificado. Critérios atingidos: Telefone válido, Endereço válido, Nome válido"
Padaria Sabor do Trigo,"Av. Conselheiro Carrão, 1830 - Vila Carrão, São Paulo - SP, 03402-001",(11) 2294-8684,,"['bakery', 'restaurant', 'food', 'point_of_interest', 'store', 'establishment']",4.3,2319,-23.5461143,-46.5433967,ChIJMUL2OXBezpQRWSCHpsna38Y,Google Places,03/09/2025 20:26:43,"['segunda-feira: 06:00\u2009–\u200922:00', 'terça-feira: 06:00\u2009–\u200922:00', 'quarta-feira: 06:00\u2009–\u200922:00', 'quinta-feira: 06:00\u2009–\u200922:00', 'sexta-feira: 06:00\u2009–\u200922:00', 'sábado: 06:00\u2009–\u200922:00', 'domingo: 06:00\u2009–\u200922:00']",2,3,"['Telefone válido', 'Endereço válido', 'Nome válido']",True,Médio,03/09/2025 20:27:48,"Lead qualificado. Critérios atingidos: Telefone válido, Endereço válido, Nome válido"
Padaria Lisboa,"Praça Sílvio Romero, 112 - Vila Gomes Cardim, São Paulo - SP, 03318-000",(11) 2295-9444,https://epadoca.com/lisboa/delivery-retirada,"['bakery', 'meal_delivery', 'cafe', 'meal_takeaway', 'restaurant', 'food', 'point_of_interest', 'store', 'establishment']",4.4,6277,-23.5462308,-46.5740403,ChIJ6yq6vepezpQRoEa7FS5Vbyc,Google Places,03/09/2025 20:26:45,"['segunda-feira: 06:00\u2009–\u200922:00', 'terça-feira: 06:00\u2009–\u200922:00', 'quarta-feira: 06:00\u2009–\u200922:00', 'quinta-feira: 06:00\u2009–\u200922:00', 'sexta-feira: 06:00\u2009–\u200922:00', 'sábado: 06:00\u2009–\u200922:00', 'domingo: 06:00\u2009–\u200922:00']",2,4,"['Telefone válido', 'Site ativo', 'Endereço válido', 'Nome válido']",True,Médio,03/09/2025 20:27:49,"Lead qualificado. Critérios atingidos: Telefone válido, Site ativo, Endereço válido, Nome válido"
Padaria A Poesia Tatuapé,"R. São Jorge, 373 - Parque São Jorge, São Paulo - SP, 03087-000",(11) 2295-0693,https://www.apoesia.com.br/,"['bakery', 'restaurant', 'food', 'point_of_interest', 'store', 'establishment']",4.4,6863,-23.5298783,-46.5657183,ChIJ70jZEKxTzpQR89QWr6X8aZw,Google Places,03/09/2025 20:26:47,"['segunda-feira: 06:00\u2009–\u200923:00', 'terça-feira: 06:00\u2009–\u200923:00', 'quarta-feira: 06:00\u2009–\u200923:00', 'quinta-feira: 06:00\u2009–\u200923:00', 'sexta-feira: 06:00\u2009–\u200923:00', 'sábado: 06:00\u2009–\u200923:00', 'domingo: 06:00\u2009–\u200923:00']",2,4,"['Telefone válido', 'Site ativo', 'Endereço válido', 'Nome válido']",True,Médio,03/09/2025 20:27:50,"Lead qualificado. Critérios atingidos: Telefone válido, Site ativo, Endereço válido, Nome válido"
Casa Nápoles,"Rua Acuruí - Vila Formosa, São Paulo - SP, 03355-000",(11) 2364-0548,http://www.casanapoles.com.br/,"['bakery', 'food', 'point_of_interest', 'store', 'establishment']",4.5,8409,-23.5590458,-46.5528767,ChIJlRFpPfBdzpQRW4aYU1MyWNQ,Google Places,03/09/2025 20:26:49,"['segunda-feira: 06:00\u2009–\u200923:00', 'terça-feira: 06:00\u2009–\u200923:00', 'quarta-feira: 06:00\u2009–\u200923:00', 'quinta-feira: 06:00\u2009–\u200923:00', 'sexta-feira: 06:00\u2009–\u200923:00', 'sábado: 06:00\u2009–\u200923:00', 'domingo: 06:00\u2009–\u200923:00']",2,3,"['Telefone válido', 'Endereço válido', 'Nome válido']",True,Médio,03/09/2025 20:27:50,"Lead qualificado. Critérios atingidos: Telefone válido, Endereço válido, Nome válido"
Panificadora Carolina do Tatuapé Pães e Doces,"R. Antônio de Barros, 1909 - Tatuapé, São Paulo - SP, 03401-001",(11) 2227-1543,,"['bakery', 'food', 'point_of_interest', 'store', 'establishment']",4.2,241,-23.5468143,-46.5552602,ChIJJfOpxYlezpQRPrJ7AuxCpWw,Google Places,03/09/2025 20:26:52,"['segunda-feira: 06:00\u2009–\u200922:00', 'terça-feira: 06:00\u2009–\u200922:00', 'quarta-feira: 06:00\u2009–\u200922:00', 'quinta-feira: 06:00\u2009–\u200922:00', 'sexta-feira: 06:00\u2009–\u200922:00', 'sábado: 06:00\u2009–\u200922:00', 'domingo: 06:00\u2009–\u200914:00']",2,3,"['Telefone válido', 'Endereço válido', 'Nome válido']",True,Médio,03/09/2025 20:27:50,"Lead qualificado. Critérios atingidos: Telefone válido, Endereço válido, Nome válido"
Padaria Leila - Paes & Doces,"R. Serra de Botucatu, 2026 - Chácara Califórnia, São Paulo - SP, 03317-001",(11) 2092-2081,,"['bakery', 'food', 'point_of_interest', 'store', 'establishment']",4.2,203,-23.5408136,-46.5521898,ChIJU54y-WBezpQRUUuLJhUVRNY,Google Places,03/09/2025 20:26:54,"['segunda-feira: 05:30\u2009–\u200922:00', 'terça-feira: 05:30\u2009–\u200922:00', 'quarta-feira: 05:30\u2009–\u200922:00', 'quinta-feira: 05:30\u2009–\u200922:00', 'sexta-feira: 05:30\u2009–\u200922:00', 'sábado: 06:00\u2009–\u200922:00', 'domingo: 06:00\u2009–\u200922:00']",0,3,"['Telefone válido', 'Endereço válido', 'Nome válido']",True,Médio,03/09/2025 20:27:50,"Lead qualificado. Critérios atingidos: Telefone válido, Endereço válido, Nome válido"
Casa Tenoli Padaria (Tivoli),"Av. Azevedo, 261 - Tatuapé, São Paulo - SP, 03308-000",(11) 2295-6770,,"['bakery', 'food', 'point_of_interest', 'store', 'establishment']",4.3,1169,-23.5415343,-46.5708039,ChIJN4cUOi9fzpQRsGf9QG37yrw,Google Places,03/09/2025 20:26:56,"['segunda-feira: 06:00\u2009–\u200923:00', 'terça-feira: 06:00\u2009–\u200923:00', 'quarta-feira: 06:00\u2009–\u200923:00', 'quinta-feira: 06:00\u2009–\u200923:00', 'sexta-feira: 06:00\u2009–\u200923:00', 'sábado: 06:00\u2009–\u200923:00', 'domingo: 06:00\u2009–\u200923:00']",0,3,"['Telefone válido', 'Endereço válido', 'Nome válido']",True,Médio,03/09/2025 20:27:50,"Lead qualificado. Critérios atingidos: Telefone válido, Endereço válido, Nome válido"
Padaria Guilherme Giorgi,"Atendimento online via watssap (11)95371, 5707Av. Guilherme Giorgi, 251 - Vila Carrão, São Paulo - SP, 03422-000",(11) 2942-9204,,"['bakery', 'restaurant', 'food', 'point_of_interest', 'store', 'establishment']",4.1,1616,-23.5490224,-46.5422453,ChIJk3S-JXFezpQRXGQpcwRODOQ,Google Places,03/09/2025 20:26:59,"['segunda-feira: 05:30\u2009–\u200922:00', 'terça-feira: 05:30\u2009–\u200922:00', 'quarta-feira: 05:30\u2009–\u200922:00', 'quinta-feira: 05:30\u2009–\u200922:00', 'sexta-feira: 05:30\u2009–\u200922:00', 'sábado: 05:30\u2009–\u200922:00', 'domingo: 06:00\u2009–\u200922:00']",2,3,"['Telefone válido', 'Endereço válido', 'Nome válido']",True,Médio,03/09/2025 20:27:50,"Lead qualificado. Critérios atingidos: Telefone válido, Endereço válido, Nome válido"
Ceret Padaria,"R. Emília Marengo, 845 - Tatuapé, São Paulo - SP, 03336-000",(11) 2671-5729,,"['bakery', 'food', 'point_of_interest', 'store', 'establishment']",4.4,3759,-23.5545837,-46.5594745,ChIJURraoIZezpQRzqMb6FLmXxc,Google Places,03/09/2025 20:27:01,"['segunda-feira: 05:00\u2009–\u200923:00', 'terça-feira: 05:00\u2009–\u200923:00', 'quarta-feira: 05:00\u2009–\u200923:00', 'quinta-feira: 05:00\u2009–\u200923:00', 'sexta-feira: 05:00\u2009–\u200923:00', 'sábado: 05:30\u2009–\u200923:00', 'domingo: 06:00\u2009–\u200923:00']",2,3,"['Telefone válido', 'Endereço válido', 'Nome válido']",True,Médio,03/09/2025 20:27:50,"Lead qualificado. Critérios atingidos: Telefone válido, Endereço válido, Nome válido"
Casa Virginia,"Al. Rainha Santa, 422 - Vila Santa Isabel, São Paulo - SP, 03425-060",(11) 2781-0964,,"['bakery', 'food', 'point_of_interest', 'store', 'establishment']",4.2,1517,-23.5580327,-46.5382633,ChIJ7cDYK9xdzpQRystjaoaHUwM,Google Places,03/09/2025 20:27:03,"['segunda-feira: 06:00\u2009–\u200922:00', 'terça-feira: 06:00\u2009–\u200922:00', 'quarta-feira: 06:00\u2009–\u200922:00', 'quinta-feira: 06:00\u2009–\u200922:00', 'sexta-feira: 06:00\u2009–\u200922:00', 'sábado: 06:00\u2009–\u200922:00', 'domingo: 06:00\u2009–\u200922:00']",2,3,"['Telefone válido', 'Endereço válido', 'Nome válido']",True,Médio,03/09/2025 20:27:50,"Lead qualificado. Critérios atingidos: Telefone válido, Endereço válido, Nome válido"
Padaria Forno São Paulo,"R. Tuiuti, 3053 - Tatuapé, São Paulo - SP, 03307-000",(11) 2337-6816,,"['bakery', 'food', 'point_of_interest', 'store', 'establishment']",3.8,72,-23.5523507,-46.5725802,ChIJn_ZoT5ZezpQRJY9RKgA4q2o,Google Places,03/09/2025 20:27:05,"['segunda-feira: 06:00\u2009–\u200922:00', 'terça-feira: 06:00\u2009–\u200922:00', 'quarta-feira: 06:00\u2009–\u200922:00', 'quinta-feira: 06:00\u2009–\u200922:00', 'sexta-feira: 06:00\u2009–\u200922:00', 'sábado: 06:00\u2009–\u200922:00', 'domingo: 06:00\u2009–\u200922:00']",0,3,"['Telefone válido', 'Endereço válido', 'Nome válido']",True,Médio,03/09/2025 20:27:50,"Lead qualificado. Critérios atingidos: Telefone válido, Endereço válido, Nome válido"
